<?xml version="1.0" encoding="utf-8" ?><dwsync><file name="arrows.png" server="rarecontent.co.uk/public_html/4Cs/" local="3612525661" remote="3612497400" Dst="-1" /><file name="honey-logo-white.png" server="rarecontent.co.uk/public_html/4Cs/" local="3612435160" remote="3612488520" Dst="-1" /><file name="next.png" server="rarecontent.co.uk/public_html/4Cs/" local="3612515942" remote="3612488520" Dst="-1" /><file name="royal-london-01.jpg" server="rarecontent.co.uk/public_html/4Cs/" local="3612517037" remote="3612488520" Dst="-1" /><file name="gatwick-airport-01.jpg" server="rarecontent.co.uk/public_html/4Cs/" local="3612506071" remote="3612488520" Dst="-1" /><file name="harrods-01.jpg" server="rarecontent.co.uk/public_html/4Cs/" local="3612519003" remote="3612490380" Dst="-1" /><file name="royal-london-02.jpg" server="rarecontent.co.uk/public_html/4Cs/" local="3612518832" remote="3612490380" Dst="-1" /><file name="mencap-01.jpg" server="rarecontent.co.uk/public_html/4Cs/" local="3612519693" remote="3612493200" Dst="-1" /><file name="southeastern-01.jpg" server="rarecontent.co.uk/public_html/4Cs/" local="3612521448" remote="3612493200" Dst="-1" /><file name="serco-01.jpg" server="rarecontent.co.uk/public_html/4Cs/" local="3612521435" remote="3612493200" Dst="-1" /><file name="tesco-finest-01.jpg" server="rarecontent.co.uk/public_html/4Cs/" local="3612520309" remote="3612493200" Dst="-1" /><file name="creativity.svg" server="rarecontent.co.uk/public_html/4Cs/" local="3612522882" remote="3612495300" Dst="-1" /><file name="coherence.svg" server="rarecontent.co.uk/public_html/4Cs/" local="3612525105" remote="3612496500" Dst="-1" /><file name="commerciality.svg" server="rarecontent.co.uk/public_html/4Cs/" local="3612524654" remote="3612496500" Dst="-1" /><file name="connectivity.svg" server="rarecontent.co.uk/public_html/4Cs/" local="3612524615" remote="3612496500" Dst="-1" /><file name="arrows-yellow.png" server="rarecontent.co.uk/public_html/4Cs/" local="3612525658" remote="3612497400" Dst="-1" /></dwsync>